tanggal,kurs_idr_per_usd,kurs_change,kurs_change_pct
2021-09-01,14284.0,,
2021-09-02,14281.0,-3.0,-0.021
2021-09-03,14261.0,-20.0,-0.14
2021-09-06,14239.0,-22.0,-0.1543
2021-09-07,14195.0,-44.0,-0.309
2021-09-08,14266.0,71.0,0.5002
2021-09-09,14272.0,6.0,0.0421
2021-09-10,14225.0,-47.0,-0.3293
2021-09-13,14260.0,35.0,0.246
2021-09-14,14257.0,-3.0,-0.021
2021-09-15,14252.0,-5.0,-0.0351
2021-09-16,14238.0,-14.0,-0.0982
2021-09-17,14233.0,-5.0,-0.0351
2021-09-20,14251.0,18.0,0.1265
2021-09-21,14244.0,-7.0,-0.0491
2021-09-22,14249.0,5.0,0.0351
2021-09-23,14256.0,7.0,0.0491
2021-09-24,14250.0,-6.0,-0.0421
2021-09-27,14258.0,8.0,0.0561
2021-09-28,14269.0,11.0,0.0771
2021-09-29,14307.0,38.0,0.2663
2021-09-30,14321.0,14.0,0.0979
2021-10-01,14315.0,-6.0,-0.0419
2021-10-04,14276.0,-39.0,-0.2724
2021-10-05,14260.0,-16.0,-0.1121
2021-10-06,14245.0,-15.0,-0.1052
2021-10-07,14238.0,-7.0,-0.0491
2021-10-08,14225.0,-13.0,-0.0913
2021-10-11,14210.0,-15.0,-0.1054
2021-10-12,14217.0,7.0,0.0493
2021-10-13,14221.0,4.0,0.0281
2021-10-14,14155.0,-66.0,-0.4641
2021-10-15,14084.0,-71.0,-0.5016
2021-10-18,14096.0,12.0,0.0852
2021-10-19,14080.0,-16.0,-0.1135
2021-10-21,14133.0,53.0,0.3764
2021-10-22,14162.0,29.0,0.2052
2021-10-25,14183.0,21.0,0.1483
2021-10-26,14165.0,-18.0,-0.1269
2021-10-27,14184.0,19.0,0.1341
2021-10-28,14199.0,15.0,0.1058
2021-10-29,14171.0,-28.0,-0.1972
2021-11-01,14235.0,64.0,0.4516
2021-11-02,14261.0,26.0,0.1826
2021-11-03,14301.0,40.0,0.2805
2021-11-04,14327.0,26.0,0.1818
2021-11-05,14374.0,47.0,0.3281
2021-11-08,14268.0,-106.0,-0.7374
2021-11-09,14233.0,-35.0,-0.2453
2021-11-10,14253.0,20.0,0.1405
2021-11-11,14288.0,35.0,0.2456
2021-11-12,14243.0,-45.0,-0.3149
2021-11-15,14206.0,-37.0,-0.2598
2021-11-16,14211.0,5.0,0.0352
2021-11-17,14259.0,48.0,0.3378
2021-11-18,14231.0,-28.0,-0.1964
2021-11-19,14237.0,6.0,0.0422
2021-11-22,14255.0,18.0,0.1264
2021-11-23,14272.0,17.0,0.1193
2021-11-24,14272.0,0.0,0.0
2021-11-25,14280.0,8.0,0.0561
2021-11-26,14280.0,0.0,0.0
2021-11-29,14340.0,60.0,0.4202
2021-11-30,14320.0,-20.0,-0.1395
2021-12-01,14353.0,33.0,0.2304
2021-12-02,14378.0,25.0,0.1742
2021-12-03,14408.0,30.0,0.2087
2021-12-06,14441.0,33.0,0.229
2021-12-07,14408.0,-33.0,-0.2285
2021-12-08,14348.0,-60.0,-0.4164
2021-12-09,14351.0,3.0,0.0209
2021-12-10,14378.0,27.0,0.1881
2021-12-13,14346.0,-32.0,-0.2226
2021-12-14,14348.0,2.0,0.0139
2021-12-15,14337.0,-11.0,-0.0767
2021-12-16,14343.0,6.0,0.0418
2021-12-17,14343.0,0.0,0.0
2021-12-20,14384.0,41.0,0.2859
2021-12-21,14349.0,-35.0,-0.2433
2021-12-22,14264.0,-85.0,-0.5924
2021-12-23,14251.0,-13.0,-0.0911
2021-12-24,14219.0,-32.0,-0.2245
2021-12-27,14225.0,6.0,0.0422
2021-12-28,14237.0,12.0,0.0844
2021-12-29,14265.0,28.0,0.1967
2021-12-30,14269.0,4.0,0.028
2021-12-31,14278.0,9.0,0.0631
2022-01-03,14270.0,-8.0,-0.056
2022-01-04,14310.0,40.0,0.2803
2022-01-05,14365.0,55.0,0.3843
2022-01-06,14396.0,31.0,0.2158
2022-01-07,14360.0,-36.0,-0.2501
2022-01-10,14323.0,-37.0,-0.2577
2022-01-11,14299.0,-24.0,-0.1676
2022-01-12,14302.0,3.0,0.021
2022-01-13,14311.0,9.0,0.0629
2022-01-14,14310.0,-1.0,-0.007
2022-01-17,14323.0,13.0,0.0908
2022-01-18,14325.0,2.0,0.014
2022-01-19,14370.0,45.0,0.3141
2022-01-20,14354.0,-16.0,-0.1113
2022-01-21,14347.0,-7.0,-0.0488
2022-01-24,14327.0,-20.0,-0.1394
2022-01-25,14358.0,31.0,0.2164
2022-01-26,14346.0,-12.0,-0.0836
2022-01-27,14385.0,39.0,0.2719
2022-01-28,14381.0,-4.0,-0.0278
2022-01-31,14392.0,11.0,0.0765
2022-02-02,14347.0,-45.0,-0.3127
2022-02-03,14381.0,34.0,0.237
2022-02-04,14376.0,-5.0,-0.0348
2022-02-07,14404.0,28.0,0.1948
2022-02-08,14385.0,-19.0,-0.1319
2022-02-09,14366.0,-19.0,-0.1321
2022-02-10,14344.0,-22.0,-0.1531
2022-02-11,14359.0,15.0,0.1046
2022-02-14,14338.0,-21.0,-0.1462
2022-02-15,14292.0,-46.0,-0.3208
2022-02-16,14278.0,-14.0,-0.098
2022-02-17,14301.0,23.0,0.1611
2022-02-18,14339.0,38.0,0.2657
2022-02-21,14329.0,-10.0,-0.0697
2022-02-22,14362.0,33.0,0.2303
2022-02-23,14355.0,-7.0,-0.0487
2022-02-24,14371.0,16.0,0.1115
2022-02-25,14369.0,-2.0,-0.0139
2022-03-01,14350.0,-19.0,-0.1322
2022-03-02,14373.0,23.0,0.1603
2022-03-04,14383.0,10.0,0.0696
2022-03-07,14411.0,28.0,0.1947
2022-03-08,14394.0,-17.0,-0.118
2022-03-09,14371.0,-23.0,-0.1598
2022-03-10,14298.0,-73.0,-0.508
2022-03-11,14306.0,8.0,0.056
2022-03-14,14328.0,22.0,0.1538
2022-03-15,14321.0,-7.0,-0.0489
2022-03-16,14311.0,-10.0,-0.0698
2022-03-17,14290.0,-21.0,-0.1467
2022-03-18,14340.0,50.0,0.3499
2022-03-21,14341.0,1.0,0.007
2022-03-22,14358.0,17.0,0.1185
2022-03-23,14351.0,-7.0,-0.0488
2022-03-24,14361.0,10.0,0.0697
2022-03-25,14341.0,-20.0,-0.1393
2022-03-28,14360.0,19.0,0.1325
2022-03-29,14364.0,4.0,0.0279
2022-03-30,14349.0,-15.0,-0.1044
2022-03-31,14357.0,8.0,0.0558
2022-04-01,14364.0,7.0,0.0488
2022-04-04,14362.0,-2.0,-0.0139
2022-04-05,14348.0,-14.0,-0.0975
2022-04-06,14364.0,16.0,0.1115
2022-04-07,14359.0,-5.0,-0.0348
2022-04-08,14365.0,6.0,0.0418
2022-04-11,14370.0,5.0,0.0348
2022-04-12,14364.0,-6.0,-0.0418
2022-04-13,14359.0,-5.0,-0.0348
2022-04-14,14349.0,-10.0,-0.0696
2022-04-18,14356.0,7.0,0.0488
2022-04-19,14347.0,-9.0,-0.0627
2022-04-20,14351.0,4.0,0.0279
2022-04-21,14348.0,-3.0,-0.0209
2022-04-22,14361.0,13.0,0.0906
2022-04-25,14452.0,91.0,0.6337
2022-04-26,14412.0,-40.0,-0.2768
2022-04-27,14418.0,6.0,0.0416
2022-04-28,14480.0,62.0,0.43
2022-05-09,14534.0,54.0,0.3729
2022-05-10,14546.0,12.0,0.0826
2022-05-11,14546.0,0.0,0.0
2022-05-12,14585.0,39.0,0.2681
2022-05-13,14619.0,34.0,0.2331
2022-05-17,14651.0,32.0,0.2189
2022-05-18,14682.0,31.0,0.2116
2022-05-19,14731.0,49.0,0.3337
2022-05-20,14661.0,-70.0,-0.4752
2022-05-23,14665.0,4.0,0.0273
2022-05-24,14653.0,-12.0,-0.0818
2022-05-25,14645.0,-8.0,-0.0546
2022-05-27,14578.0,-67.0,-0.4575
2022-05-30,14544.0,-34.0,-0.2332
2022-05-31,14592.0,48.0,0.33
2022-06-02,14526.0,-66.0,-0.4523
2022-06-03,14431.0,-95.0,-0.654
2022-06-06,14462.0,31.0,0.2148
2022-06-07,14464.0,2.0,0.0138
2022-06-08,14477.0,13.0,0.0899
2022-06-09,14555.0,78.0,0.5388
2022-06-10,14569.0,14.0,0.0962
2022-06-13,14672.0,103.0,0.707
2022-06-14,14729.0,57.0,0.3885
2022-06-15,14746.0,17.0,0.1154
2022-06-16,14741.0,-5.0,-0.0339
2022-06-17,14828.0,87.0,0.5902
2022-06-20,14836.0,8.0,0.054
2022-06-21,14804.0,-32.0,-0.2157
2022-06-22,14860.0,56.0,0.3783
2022-06-23,14835.0,-25.0,-0.1682
2022-06-24,14846.0,11.0,0.0741
2022-06-27,14802.0,-44.0,-0.2964
2022-06-28,14837.0,35.0,0.2365
2022-06-29,14848.0,11.0,0.0741
2022-06-30,14882.0,34.0,0.229
2022-07-01,14956.0,74.0,0.4972
2022-07-04,14960.0,4.0,0.0267
2022-07-05,14990.0,30.0,0.2005
2022-07-06,15015.0,25.0,0.1668
2022-07-07,14986.0,-29.0,-0.1931
2022-07-08,14981.0,-5.0,-0.0334
2022-07-11,14969.0,-12.0,-0.0801
2022-07-12,14993.0,24.0,0.1603
2022-07-13,14985.0,-8.0,-0.0534
2022-07-14,14999.0,14.0,0.0934
2022-07-15,14999.0,0.0,0.0
2022-07-18,14986.0,-13.0,-0.0867
2022-07-19,14992.0,6.0,0.04
2022-07-20,14984.0,-8.0,-0.0534
2022-07-21,15017.0,33.0,0.2202
2022-07-22,15024.0,7.0,0.0466
2022-07-25,14992.0,-32.0,-0.213
2022-07-26,14984.0,-8.0,-0.0534
2022-07-27,15020.0,36.0,0.2403
2022-07-28,14958.0,-62.0,-0.4128
2022-07-29,14860.0,-98.0,-0.6552
2022-08-01,14874.0,14.0,0.0942
2022-08-02,14888.0,14.0,0.0941
2022-08-03,14917.0,29.0,0.1948
2022-08-04,14929.0,12.0,0.0804
2022-08-05,14904.0,-25.0,-0.1675
2022-08-08,14915.0,11.0,0.0738
2022-08-09,14862.0,-53.0,-0.3553
2022-08-10,14875.0,13.0,0.0875
2022-08-11,14799.0,-76.0,-0.5109
2022-08-12,14688.0,-111.0,-0.7501
2022-08-15,14727.0,39.0,0.2655
2022-08-16,14767.0,40.0,0.2716
2022-08-18,14822.0,55.0,0.3725
2022-08-19,14858.0,36.0,0.2429
2022-08-22,14882.0,24.0,0.1615
2022-08-23,14893.0,11.0,0.0739
2022-08-24,14851.0,-42.0,-0.282
2022-08-25,14827.0,-24.0,-0.1616
2022-08-26,14814.0,-13.0,-0.0877
2022-08-29,14887.0,73.0,0.4928
2022-08-30,14875.0,-12.0,-0.0806
2022-08-31,14853.0,-22.0,-0.1479
2022-09-01,14884.0,31.0,0.2087
2022-09-02,14900.0,16.0,0.1075
2022-09-05,14920.0,20.0,0.1342
2022-09-06,14885.0,-35.0,-0.2346
2022-09-07,14927.0,42.0,0.2822
2022-09-08,14905.0,-22.0,-0.1474
2022-09-09,14846.0,-59.0,-0.3958
2022-09-12,14839.0,-7.0,-0.0472
2022-09-13,14861.0,22.0,0.1483
2022-09-14,14923.0,62.0,0.4172
2022-09-15,14899.0,-24.0,-0.1608
2022-09-16,14939.0,40.0,0.2685
2022-09-19,14980.0,41.0,0.2744
2022-09-20,14975.0,-5.0,-0.0334
2022-09-21,15011.0,36.0,0.2404
2022-09-22,15033.0,22.0,0.1466
2022-09-23,15035.0,2.0,0.0133
2022-09-26,15119.0,84.0,0.5587
2022-09-27,15155.0,36.0,0.2381
2022-09-28,15243.0,88.0,0.5807
2022-09-29,15247.0,4.0,0.0262
2022-09-30,15232.0,-15.0,-0.0984
2022-10-03,15293.0,61.0,0.4005
2022-10-04,15276.0,-17.0,-0.1112
2022-10-05,15196.0,-80.0,-0.5237
2022-10-06,15197.0,1.0,0.0066
2022-10-07,15246.0,49.0,0.3224
2022-10-10,15299.0,53.0,0.3476
2022-10-11,15362.0,63.0,0.4118
2022-10-12,15373.0,11.0,0.0716
2022-10-13,15357.0,-16.0,-0.1041
2022-10-14,15390.0,33.0,0.2149
2022-10-17,15480.0,90.0,0.5848
2022-10-18,15469.0,-11.0,-0.0711
2022-10-19,15491.0,22.0,0.1422
2022-10-20,15579.0,88.0,0.5681
2022-10-21,15610.0,31.0,0.199
2022-10-24,15590.0,-20.0,-0.1281
2022-10-25,15616.0,26.0,0.1668
2022-10-26,15596.0,-20.0,-0.1281
2022-10-27,15573.0,-23.0,-0.1475
2022-10-28,15542.0,-31.0,-0.1991
2022-10-31,15596.0,54.0,0.3474
2022-11-01,15647.0,51.0,0.327
2022-11-02,15652.0,5.0,0.032
2022-11-03,15681.0,29.0,0.1853
2022-11-04,15736.0,55.0,0.3507
2022-11-07,15692.0,-44.0,-0.2796
2022-11-08,15684.0,-8.0,-0.051
2022-11-09,15654.0,-30.0,-0.1913
2022-11-10,15701.0,47.0,0.3002
2022-11-11,15493.0,-208.0,-1.3248
2022-11-14,15499.0,6.0,0.0387
2022-11-15,15564.0,65.0,0.4194
2022-11-16,15610.0,46.0,0.2956
2022-11-17,15687.0,77.0,0.4933
2022-11-18,15692.0,5.0,0.0319
2022-11-21,15707.0,15.0,0.0956
2022-11-22,15716.0,9.0,0.0573
2022-11-23,15700.0,-16.0,-0.1018
2022-11-24,15647.0,-53.0,-0.3376
2022-11-25,15668.0,21.0,0.1342
2022-11-28,15729.0,61.0,0.3893
2022-11-29,15737.0,8.0,0.0509
2022-11-30,15742.0,5.0,0.0318
2022-12-01,15617.0,-125.0,-0.7941
2022-12-02,15429.0,-188.0,-1.2038
2022-12-05,15409.0,-20.0,-0.1296
2022-12-06,15576.0,167.0,1.0838
2022-12-07,15619.0,43.0,0.2761
2022-12-08,15624.0,5.0,0.032
2022-12-09,15587.0,-37.0,-0.2368
2022-12-12,15642.0,55.0,0.3529
2022-12-13,15661.0,19.0,0.1215
2022-12-14,15619.0,-42.0,-0.2682
2022-12-15,15630.0,11.0,0.0704
2022-12-16,15617.0,-13.0,-0.0832
2022-12-19,15621.0,4.0,0.0256
2022-12-20,15608.0,-13.0,-0.0832
2022-12-21,15601.0,-7.0,-0.0448
2022-12-22,15594.0,-7.0,-0.0449
2022-12-23,15605.0,11.0,0.0705
2022-12-26,15636.0,31.0,0.1987
2022-12-27,15659.0,23.0,0.1471
2022-12-28,15703.0,44.0,0.281
2022-12-29,15731.0,28.0,0.1783
2022-12-30,15592.0,-139.0,-0.8836
2023-01-02,15572.0,-20.0,-0.1283
2023-01-03,15590.0,18.0,0.1156
2023-01-04,15615.0,25.0,0.1604
2023-01-05,15610.0,-5.0,-0.032
2023-01-06,15635.0,25.0,0.1602
2023-01-09,15574.0,-61.0,-0.3902
2023-01-10,15589.0,15.0,0.0963
2023-01-11,15527.0,-62.0,-0.3977
2023-01-12,15366.0,-161.0,-1.0369
2023-01-13,15177.0,-189.0,-1.23
2023-01-16,15019.0,-158.0,-1.041
2023-01-17,15154.0,135.0,0.8989
2023-01-18,15137.0,-17.0,-0.1122
2023-01-19,15113.0,-24.0,-0.1586
2023-01-20,15121.0,8.0,0.0529
2023-01-24,14930.0,-191.0,-1.2631
2023-01-25,14958.0,28.0,0.1875
2023-01-26,14964.0,6.0,0.0401
2023-01-27,14978.0,14.0,0.0936
2023-01-30,14979.0,1.0,0.0067
2023-01-31,14992.0,13.0,0.0868
2023-02-01,14991.0,-1.0,-0.0067
2023-02-02,14868.0,-123.0,-0.8205
2023-02-03,14898.0,30.0,0.2018
2023-02-06,15055.0,157.0,1.0538
2023-02-07,15139.0,84.0,0.558
2023-02-08,15122.0,-17.0,-0.1123
2023-02-09,15120.0,-2.0,-0.0132
2023-02-10,15140.0,20.0,0.1323
2023-02-13,15216.0,76.0,0.502
2023-02-14,15168.0,-48.0,-0.3155
2023-02-15,15194.0,26.0,0.1714
2023-02-16,15176.0,-18.0,-0.1185
2023-02-17,15199.0,23.0,0.1516
2023-02-20,15168.0,-31.0,-0.204
2023-02-21,15179.0,11.0,0.0725
2023-02-22,15218.0,39.0,0.2569
2023-02-23,15187.0,-31.0,-0.2037
2023-02-24,15216.0,29.0,0.191
2023-02-27,15274.0,58.0,0.3812
2023-02-28,15240.0,-34.0,-0.2226
2023-03-01,15250.0,10.0,0.0656
2023-03-02,15273.0,23.0,0.1508
2023-03-03,15306.0,33.0,0.2161
2023-03-06,15301.0,-5.0,-0.0327
2023-03-07,15359.0,58.0,0.3791
2023-03-08,15451.0,92.0,0.599
2023-03-09,15438.0,-13.0,-0.0841
2023-03-10,15468.0,30.0,0.1943
2023-03-13,15374.0,-94.0,-0.6077
2023-03-14,15380.0,6.0,0.039
2023-03-15,15365.0,-15.0,-0.0975
2023-03-16,15418.0,53.0,0.3449
2023-03-17,15364.0,-54.0,-0.3502
2023-03-20,15372.0,8.0,0.0521
2023-03-21,15349.0,-23.0,-0.1496
2023-03-24,15189.0,-160.0,-1.0424
2023-03-27,15174.0,-15.0,-0.0988
2023-03-28,15088.0,-86.0,-0.5668
2023-03-29,15094.0,6.0,0.0398
2023-03-30,15062.0,-32.0,-0.212
2023-03-31,14977.0,-85.0,-0.5643
2023-04-03,14990.0,13.0,0.0868
2023-04-04,14913.0,-77.0,-0.5137
2023-04-05,14933.0,20.0,0.1341
2023-04-06,14943.0,10.0,0.067
2023-04-10,14905.0,-38.0,-0.2543
2023-04-11,14888.0,-17.0,-0.1141
2023-04-12,14866.0,-22.0,-0.1478
2023-04-13,14792.0,-74.0,-0.4978
2023-04-14,14666.0,-126.0,-0.8518
2023-04-17,14773.0,107.0,0.7296
2023-04-18,14855.0,82.0,0.5551
2023-04-26,14882.0,27.0,0.1818
2023-04-27,14751.0,-131.0,-0.8803
2023-04-28,14661.0,-90.0,-0.6101
2023-05-02,14703.0,42.0,0.2865
2023-05-03,14706.0,3.0,0.0204
2023-05-04,14632.0,-74.0,-0.5032
2023-05-05,14674.0,42.0,0.287
2023-05-08,14709.0,35.0,0.2385
2023-05-09,14757.0,48.0,0.3263
2023-05-10,14746.0,-11.0,-0.0745
2023-05-11,14722.0,-24.0,-0.1628
2023-05-12,14752.0,30.0,0.2038
2023-05-15,14812.0,60.0,0.4067
2023-05-16,14810.0,-2.0,-0.0135
2023-05-17,14875.0,65.0,0.4389
2023-05-19,14936.0,61.0,0.4101
2023-05-22,14897.0,-39.0,-0.2611
2023-05-23,14878.0,-19.0,-0.1275
2023-05-24,14905.0,27.0,0.1815
2023-05-25,14952.0,47.0,0.3153
2023-05-26,14959.0,7.0,0.0468
2023-05-29,14973.0,14.0,0.0936
2023-05-30,14969.0,-4.0,-0.0267
2023-05-31,15003.0,34.0,0.2271
2023-06-05,14888.0,-115.0,-0.7665
2023-06-06,14839.0,-49.0,-0.3291
2023-06-07,14875.0,36.0,0.2426
2023-06-08,14903.0,28.0,0.1882
2023-06-09,14853.0,-50.0,-0.3355
2023-06-12,14874.0,21.0,0.1414
2023-06-13,14868.0,-6.0,-0.0403
2023-06-14,14895.0,27.0,0.1816
2023-06-15,14943.0,48.0,0.3223
2023-06-16,14945.0,2.0,0.0134
2023-06-19,14994.0,49.0,0.3279
2023-06-20,15040.0,46.0,0.3068
2023-06-21,14982.0,-58.0,-0.3856
2023-06-22,14918.0,-64.0,-0.4272
2023-06-23,14998.0,80.0,0.5363
2023-06-26,15026.0,28.0,0.1867
2023-06-27,15000.0,-26.0,-0.173
2023-07-03,15034.0,34.0,0.2267
2023-07-04,15018.0,-16.0,-0.1064
2023-07-05,15013.0,-5.0,-0.0333
2023-07-06,15062.0,49.0,0.3264
2023-07-07,15136.0,74.0,0.4913
2023-07-10,15192.0,56.0,0.37
2023-07-11,15162.0,-30.0,-0.1975
2023-07-12,15084.0,-78.0,-0.5144
2023-07-13,14978.0,-106.0,-0.7027
2023-07-14,14945.0,-33.0,-0.2203
2023-07-17,15007.0,62.0,0.4149
2023-07-18,14994.0,-13.0,-0.0866
2023-07-20,14991.0,-3.0,-0.02
2023-07-21,15026.0,35.0,0.2335
2023-07-24,15028.0,2.0,0.0133
2023-07-25,15007.0,-21.0,-0.1397
2023-07-26,15032.0,25.0,0.1666
2023-07-27,15003.0,-29.0,-0.1929
2023-07-28,15083.0,80.0,0.5332
2023-07-31,15092.0,9.0,0.0597
2023-08-01,15117.0,25.0,0.1657
2023-08-02,15171.0,54.0,0.3572
2023-08-03,15198.0,27.0,0.178
2023-08-04,15168.0,-30.0,-0.1974
2023-08-07,15178.0,10.0,0.0659
2023-08-08,15229.0,51.0,0.336
2023-08-09,15206.0,-23.0,-0.151
2023-08-10,15204.0,-2.0,-0.0132
2023-08-11,15225.0,21.0,0.1381
2023-08-14,15323.0,98.0,0.6437
2023-08-15,15346.0,23.0,0.1501
2023-08-16,15308.0,-38.0,-0.2476
2023-08-18,15308.0,0.0,0.0
2023-08-21,15329.0,21.0,0.1372
2023-08-22,15326.0,-3.0,-0.0196
2023-08-23,15319.0,-7.0,-0.0457
2023-08-24,15253.0,-66.0,-0.4308
2023-08-25,15297.0,44.0,0.2885
2023-08-28,15294.0,-3.0,-0.0196
2023-08-29,15263.0,-31.0,-0.2027
2023-08-30,15239.0,-24.0,-0.1572
2023-08-31,15237.0,-2.0,-0.0131
2023-09-01,15252.0,15.0,0.0984
2023-09-04,15247.0,-5.0,-0.0328
2023-09-05,15260.0,13.0,0.0853
2023-09-06,15307.0,47.0,0.308
2023-09-07,15334.0,27.0,0.1764
2023-09-08,15341.0,7.0,0.0457
2023-09-11,15352.0,11.0,0.0717
2023-09-12,15344.0,-8.0,-0.0521
2023-09-13,15367.0,23.0,0.1499
2023-09-14,15357.0,-10.0,-0.0651
2023-09-15,15367.0,10.0,0.0651
2023-09-18,15373.0,6.0,0.039
2023-09-19,15381.0,8.0,0.052
2023-09-20,15396.0,15.0,0.0975
2023-09-21,15397.0,1.0,0.0065
2023-09-22,15383.0,-14.0,-0.0909
2023-09-25,15399.0,16.0,0.104
2023-09-26,15464.0,65.0,0.4221
2023-09-27,15526.0,62.0,0.4009
2023-09-29,15487.0,-39.0,-0.2512
2023-10-02,15519.0,32.0,0.2066
2023-10-03,15600.0,81.0,0.5219
2023-10-04,15636.0,36.0,0.2308
2023-10-05,15601.0,-35.0,-0.2238
2023-10-06,15628.0,27.0,0.1731
2023-10-09,15675.0,47.0,0.3007
2023-10-10,15708.0,33.0,0.2105
2023-10-11,15710.0,2.0,0.0127
2023-10-12,15702.0,-8.0,-0.0509
2023-10-13,15709.0,7.0,0.0446
2023-10-16,15716.0,7.0,0.0446
2023-10-17,15718.0,2.0,0.0127
2023-10-18,15731.0,13.0,0.0827
2023-10-19,15838.0,107.0,0.6802
2023-10-20,15856.0,18.0,0.1137
2023-10-23,15943.0,87.0,0.5487
2023-10-24,15869.0,-74.0,-0.4642
2023-10-25,15871.0,2.0,0.0126
2023-10-26,15933.0,62.0,0.3906
2023-10-27,15941.0,8.0,0.0502
2023-10-30,15916.0,-25.0,-0.1568
2023-10-31,15897.0,-19.0,-0.1194
2023-11-01,15946.0,49.0,0.3082
2023-11-02,15861.0,-85.0,-0.533
2023-11-03,15771.0,-90.0,-0.5674
2023-11-06,15550.0,-221.0,-1.4013
2023-11-07,15593.0,43.0,0.2765
2023-11-08,15629.0,36.0,0.2309
2023-11-09,15649.0,20.0,0.128
2023-11-10,15693.0,44.0,0.2812
2023-11-13,15713.0,20.0,0.1274
2023-11-14,15699.0,-14.0,-0.0891
2023-11-15,15503.0,-196.0,-1.2485
2023-11-16,15595.0,92.0,0.5934
2023-11-17,15504.0,-91.0,-0.5835
2023-11-20,15419.0,-85.0,-0.5482
2023-11-21,15436.0,17.0,0.1103
2023-11-22,15584.0,148.0,0.9588
2023-11-23,15593.0,9.0,0.0578
2023-11-24,15587.0,-6.0,-0.0385
2023-11-27,15527.0,-60.0,-0.3849
2023-11-28,15450.0,-77.0,-0.4959
2023-11-29,15384.0,-66.0,-0.4272
2023-11-30,15484.0,100.0,0.65
2023-12-01,15524.0,40.0,0.2583
2023-12-04,15446.0,-78.0,-0.5024
2023-12-05,15504.0,58.0,0.3755
2023-12-06,15504.0,0.0,0.0
2023-12-07,15536.0,32.0,0.2064
2023-12-08,15500.0,-36.0,-0.2317
2023-12-11,15614.0,114.0,0.7355
2023-12-12,15631.0,17.0,0.1089
2023-12-13,15629.0,-2.0,-0.0128
2023-12-14,15493.0,-136.0,-0.8702
2023-12-15,15503.0,10.0,0.0645
2023-12-18,15516.0,13.0,0.0839
2023-12-19,15506.0,-10.0,-0.0644
2023-12-20,15512.0,6.0,0.0387
2023-12-21,15533.0,21.0,0.1354
2023-12-22,15489.0,-44.0,-0.2833
2023-12-27,15414.0,-75.0,-0.4842
2023-12-28,15416.0,2.0,0.013
2023-12-29,15439.0,23.0,0.1492
2024-01-02,15473.0,34.0,0.2202
2024-01-03,15495.0,22.0,0.1422
2024-01-04,15525.0,30.0,0.1936
2024-01-05,15518.0,-7.0,-0.0451
2024-01-08,15522.0,4.0,0.0258
2024-01-09,15518.0,-4.0,-0.0258
2024-01-10,15568.0,50.0,0.3222
2024-01-11,15558.0,-10.0,-0.0642
2024-01-12,15559.0,1.0,0.0064
2024-01-15,15555.0,-4.0,-0.0257
2024-01-16,15592.0,37.0,0.2379
2024-01-17,15639.0,47.0,0.3014
2024-01-18,15630.0,-9.0,-0.0575
2024-01-19,15628.0,-2.0,-0.0128
2024-01-22,15627.0,-1.0,-0.0064
2024-01-23,15656.0,29.0,0.1856
2024-01-24,15719.0,63.0,0.4024
2024-01-25,15767.0,48.0,0.3054
2024-01-26,15829.0,62.0,0.3932
2024-01-29,15825.0,-4.0,-0.0253
2024-01-30,15796.0,-29.0,-0.1833
2024-01-31,15803.0,7.0,0.0443
2024-02-01,15775.0,-28.0,-0.1772
2024-02-02,15688.0,-87.0,-0.5515
2024-02-05,15705.0,17.0,0.1084
2024-02-06,15734.0,29.0,0.1847
2024-02-07,15685.0,-49.0,-0.3114
2024-02-12,15612.0,-73.0,-0.4654
2024-02-13,15585.0,-27.0,-0.1729
2024-02-15,15606.0,21.0,0.1347
2024-02-16,15654.0,48.0,0.3076
2024-02-19,15630.0,-24.0,-0.1533
2024-02-20,15659.0,29.0,0.1855
2024-02-21,15658.0,-1.0,-0.0064
2024-02-22,15630.0,-28.0,-0.1788
2024-02-23,15589.0,-41.0,-0.2623
2024-02-26,15635.0,46.0,0.2951
2024-02-27,15655.0,20.0,0.1279
2024-02-28,15673.0,18.0,0.115
2024-02-29,15715.0,42.0,0.268
2024-03-01,15696.0,-19.0,-0.1209
2024-03-04,15723.0,27.0,0.172
2024-03-05,15756.0,33.0,0.2099
2024-03-06,15723.0,-33.0,-0.2094
2024-03-07,15658.0,-65.0,-0.4134
2024-03-08,15603.0,-55.0,-0.3513
2024-03-13,15576.0,-27.0,-0.173
2024-03-14,15582.0,6.0,0.0385
2024-03-15,15624.0,42.0,0.2695
2024-03-18,15672.0,48.0,0.3072
2024-03-19,15712.0,40.0,0.2552
2024-03-20,15727.0,15.0,0.0955
2024-03-21,15662.0,-65.0,-0.4133
2024-03-22,15773.0,111.0,0.7087
2024-03-25,15795.0,22.0,0.1395
2024-03-26,15797.0,2.0,0.0127
2024-03-27,15853.0,56.0,0.3545
2024-03-28,15873.0,20.0,0.1262
2024-04-01,15909.0,36.0,0.2268
2024-04-02,15934.0,25.0,0.1571
2024-04-03,15923.0,-11.0,-0.069
2024-04-04,15907.0,-16.0,-0.1005
2024-04-05,15873.0,-34.0,-0.2137
2024-04-16,16176.0,303.0,1.9089
2024-04-17,16240.0,64.0,0.3956
2024-04-18,16177.0,-63.0,-0.3879
2024-04-19,16280.0,103.0,0.6367
2024-04-22,16224.0,-56.0,-0.344
2024-04-23,16244.0,20.0,0.1233
2024-04-24,16161.0,-83.0,-0.511
2024-04-25,16208.0,47.0,0.2908
2024-04-26,16222.0,14.0,0.0864
2024-04-29,16249.0,27.0,0.1664
2024-04-30,16276.0,27.0,0.1662
2024-05-02,16202.0,-74.0,-0.4547
2024-05-03,16094.0,-108.0,-0.6666
2024-05-06,16025.0,-69.0,-0.4287
2024-05-07,16054.0,29.0,0.181
2024-05-08,16081.0,27.0,0.1682
2024-05-13,16085.0,4.0,0.0249
2024-05-14,16131.0,46.0,0.286
2024-05-15,16070.0,-61.0,-0.3782
2024-05-16,15944.0,-126.0,-0.7841
2024-05-17,15978.0,34.0,0.2132
2024-05-20,15980.0,2.0,0.0125
2024-05-21,16024.0,44.0,0.2753
2024-05-22,15995.0,-29.0,-0.181
2024-05-27,16064.0,69.0,0.4314
2024-05-28,16095.0,31.0,0.193
2024-05-29,16160.0,65.0,0.4039
2024-05-30,16253.0,93.0,0.5755
2024-05-31,16251.0,-2.0,-0.0123
2024-06-03,16225.0,-26.0,-0.16
2024-06-04,16220.0,-5.0,-0.0308
2024-06-05,16282.0,62.0,0.3822
2024-06-06,16279.0,-3.0,-0.0184
2024-06-07,16218.0,-61.0,-0.3747
2024-06-10,16290.0,72.0,0.444
2024-06-11,16295.0,5.0,0.0307
2024-06-12,16297.0,2.0,0.0123
2024-06-13,16286.0,-11.0,-0.0675
2024-06-14,16374.0,88.0,0.5403
2024-06-19,16368.0,-6.0,-0.0366
2024-06-20,16420.0,52.0,0.3177
2024-06-21,16458.0,38.0,0.2314
2024-06-24,16431.0,-27.0,-0.1641
2024-06-25,16379.0,-52.0,-0.3165
2024-06-26,16435.0,56.0,0.3419
2024-06-27,16421.0,-14.0,-0.0852
2024-06-28,16394.0,-27.0,-0.1644
2024-07-01,16355.0,-39.0,-0.2379
2024-07-02,16384.0,29.0,0.1773
2024-07-03,16387.0,3.0,0.0183
2024-07-04,16341.0,-46.0,-0.2807
2024-07-05,16312.0,-29.0,-0.1775
2024-07-08,16265.0,-47.0,-0.2881
2024-07-09,16281.0,16.0,0.0984
2024-07-10,16256.0,-25.0,-0.1536
2024-07-11,16200.0,-56.0,-0.3445
2024-07-12,16154.0,-46.0,-0.284
2024-07-15,16174.0,20.0,0.1238
2024-07-16,16203.0,29.0,0.1793
2024-07-17,16129.0,-74.0,-0.4567
2024-07-18,16160.0,31.0,0.1922
2024-07-19,16199.0,39.0,0.2413
2024-07-22,16228.0,29.0,0.179
2024-07-23,16204.0,-24.0,-0.1479
2024-07-24,16224.0,20.0,0.1234
2024-07-25,16268.0,44.0,0.2712
2024-07-26,16294.0,26.0,0.1598
2024-07-29,16286.0,-8.0,-0.0491
2024-07-30,16320.0,34.0,0.2088
2024-07-31,16294.0,-26.0,-0.1593
2024-08-01,16243.0,-51.0,-0.313
2024-08-02,16234.0,-9.0,-0.0554
2024-08-05,16154.0,-80.0,-0.4928
2024-08-06,16183.0,29.0,0.1795
2024-08-07,16100.0,-83.0,-0.5129
2024-08-08,15952.0,-148.0,-0.9193
2024-08-09,15914.0,-38.0,-0.2382
2024-08-12,15963.0,49.0,0.3079
2024-08-13,15885.0,-78.0,-0.4886
2024-08-14,15691.0,-194.0,-1.2213
2024-08-15,15687.0,-4.0,-0.0255
2024-08-16,15716.0,29.0,0.1849
2024-08-19,15591.0,-125.0,-0.7954
2024-08-20,15480.0,-111.0,-0.7119
2024-08-21,15456.0,-24.0,-0.155
2024-08-22,15579.0,123.0,0.7958
2024-08-23,15554.0,-25.0,-0.1605
2024-08-26,15380.0,-174.0,-1.1187
2024-08-27,15509.0,129.0,0.8388
2024-08-28,15476.0,-33.0,-0.2128
2024-08-29,15409.0,-67.0,-0.4329
2024-08-30,15473.0,64.0,0.4153
2024-09-02,15536.0,63.0,0.4072
2024-09-03,15557.0,21.0,0.1352
2024-09-04,15490.0,-67.0,-0.4307
2024-09-05,15410.0,-80.0,-0.5165
2024-09-06,15372.0,-38.0,-0.2466
2024-09-09,15446.0,74.0,0.4814
2024-09-10,15447.0,1.0,0.0065
2024-09-11,15415.0,-32.0,-0.2072
2024-09-12,15421.0,6.0,0.0389
2024-09-13,15405.0,-16.0,-0.1038
2024-09-17,15338.0,-67.0,-0.4349
2024-09-18,15350.0,12.0,0.0782
2024-09-19,15287.0,-63.0,-0.4104
2024-09-20,15100.0,-187.0,-1.2233
2024-09-23,15191.0,91.0,0.6026
2024-09-24,15186.0,-5.0,-0.0329
2024-09-25,15092.0,-94.0,-0.619
2024-09-26,15171.0,79.0,0.5235
2024-09-27,15138.0,-33.0,-0.2175
2024-09-30,15144.0,6.0,0.0396
2024-10-01,15204.0,60.0,0.3962
2024-10-02,15247.0,43.0,0.2828
2024-10-03,15394.0,147.0,0.9641
2024-10-04,15495.0,101.0,0.6561
2024-10-07,15680.0,185.0,1.1939
2024-10-08,15671.0,-9.0,-0.0574
2024-10-09,15607.0,-64.0,-0.4084
2024-10-10,15658.0,51.0,0.3268
2024-10-11,15609.0,-49.0,-0.3129
2024-10-14,15581.0,-28.0,-0.1794
2024-10-15,15555.0,-26.0,-0.1669
2024-10-16,15536.0,-19.0,-0.1221
2024-10-17,15516.0,-20.0,-0.1287
2024-10-18,15466.0,-50.0,-0.3222
2024-10-21,15465.0,-1.0,-0.0065
2024-10-22,15560.0,95.0,0.6143
2024-10-23,15620.0,60.0,0.3856
2024-10-24,15593.0,-27.0,-0.1729
2024-10-25,15629.0,36.0,0.2309
2024-10-28,15729.0,100.0,0.6398
2024-10-29,15760.0,31.0,0.1971
2024-10-30,15732.0,-28.0,-0.1777
2024-10-31,15705.0,-27.0,-0.1716
2024-11-01,15723.0,18.0,0.1146
2024-11-04,15751.0,28.0,0.1781
2024-11-05,15766.0,15.0,0.0952
2024-11-06,15840.0,74.0,0.4694
2024-11-07,15767.0,-73.0,-0.4609
2024-11-08,15671.0,-96.0,-0.6089
2024-11-11,15677.0,6.0,0.0383
2024-11-12,15771.0,94.0,0.5996
2024-11-13,15782.0,11.0,0.0697
2024-11-14,15873.0,91.0,0.5766
2024-11-15,15888.0,15.0,0.0945
2024-11-18,15848.0,-40.0,-0.2518
2024-11-19,15816.0,-32.0,-0.2019
2024-11-20,15858.0,42.0,0.2656
2024-11-21,15942.0,84.0,0.5297
2024-11-22,15911.0,-31.0,-0.1945
2024-11-25,15864.0,-47.0,-0.2954
2024-11-26,15930.0,66.0,0.416
2024-11-28,15864.0,-66.0,-0.4143
2024-11-29,15856.0,-8.0,-0.0504
2024-12-02,15905.0,49.0,0.309
2024-12-03,15950.0,45.0,0.2829
2024-12-04,15957.0,7.0,0.0439
2024-12-05,15892.0,-65.0,-0.4073
2024-12-06,15848.0,-44.0,-0.2769
2024-12-09,15861.0,13.0,0.082
2024-12-10,15874.0,13.0,0.082
2024-12-11,15905.0,31.0,0.1953
2024-12-12,15939.0,34.0,0.2138
2024-12-13,15987.0,48.0,0.3011
2024-12-16,16019.0,32.0,0.2002
2024-12-17,16050.0,31.0,0.1935
2024-12-18,16100.0,50.0,0.3115
2024-12-19,16277.0,177.0,1.0994
2024-12-20,16270.0,-7.0,-0.043
2024-12-23,16159.0,-111.0,-0.6822
2024-12-24,16208.0,49.0,0.3032
2024-12-27,16251.0,43.0,0.2653
2024-12-30,16162.0,-89.0,-0.5477
2024-12-31,16157.0,-5.0,-0.0309
2025-01-02,16236.0,79.0,0.489
2025-01-03,16217.0,-19.0,-0.117
2025-01-06,16193.0,-24.0,-0.148
2025-01-07,16169.0,-24.0,-0.1482
2025-01-08,16201.0,32.0,0.1979
2025-01-09,16238.0,37.0,0.2284
2025-01-10,16194.0,-44.0,-0.271
2025-01-13,16281.0,87.0,0.5372
2025-01-14,16265.0,-16.0,-0.0983
2025-01-15,16311.0,46.0,0.2828
2025-01-16,16378.0,67.0,0.4108
2025-01-17,16373.0,-5.0,-0.0305
2025-01-20,16372.0,-1.0,-0.0061
2025-01-21,16331.0,-41.0,-0.2504
2025-01-22,16327.0,-4.0,-0.0245
2025-01-23,16276.0,-51.0,-0.3124
2025-01-24,16200.0,-76.0,-0.4669
2025-01-30,16259.0,59.0,0.3642
2025-01-31,16312.0,53.0,0.326
2025-02-03,16453.0,141.0,0.8644
2025-02-04,16365.0,-88.0,-0.5349
2025-02-05,16308.0,-57.0,-0.3483
2025-02-06,16330.0,22.0,0.1349
2025-02-07,16325.0,-5.0,-0.0306
2025-02-10,16350.0,25.0,0.1531
2025-02-11,16380.0,30.0,0.1835
2025-02-12,16364.0,-16.0,-0.0977
2025-02-13,16365.0,1.0,0.0061
2025-02-14,16285.0,-80.0,-0.4888
2025-02-17,16208.0,-77.0,-0.4728
2025-02-18,16275.0,67.0,0.4134
2025-02-19,16357.0,82.0,0.5038
2025-02-20,16344.0,-13.0,-0.0795
2025-02-21,16300.0,-44.0,-0.2692
2025-02-24,16303.0,3.0,0.0184
2025-02-25,16316.0,13.0,0.0797
2025-02-26,16387.0,71.0,0.4352
2025-02-27,16431.0,44.0,0.2685
2025-02-28,16575.0,144.0,0.8764
2025-03-03,16506.0,-69.0,-0.4163
2025-03-04,16443.0,-63.0,-0.3817
2025-03-05,16371.0,-72.0,-0.4379
2025-03-06,16315.0,-56.0,-0.3421
2025-03-07,16336.0,21.0,0.1287
2025-03-10,16326.0,-10.0,-0.0612
2025-03-11,16430.0,104.0,0.637
2025-03-12,16453.0,23.0,0.14
2025-03-13,16428.0,-25.0,-0.1519
2025-03-14,16392.0,-36.0,-0.2191
2025-03-17,16379.0,-13.0,-0.0793
2025-03-18,16432.0,53.0,0.3236
2025-03-19,16528.0,96.0,0.5842
2025-03-20,16481.0,-47.0,-0.2844
2025-03-21,16501.0,20.0,0.1214
2025-03-24,16561.0,60.0,0.3636
2025-03-25,16622.0,61.0,0.3683
2025-03-26,16588.0,-34.0,-0.2045
2025-03-27,16566.0,-22.0,-0.1326
2025-04-08,16849.0,283.0,1.7083
2025-04-09,16943.0,94.0,0.5579
2025-04-10,16779.0,-164.0,-0.968
2025-04-11,16805.0,26.0,0.155
2025-04-14,16773.0,-32.0,-0.1904
2025-04-15,16815.0,42.0,0.2504
2025-04-16,16845.0,30.0,0.1784
2025-04-17,16833.0,-12.0,-0.0712
2025-04-21,16808.0,-25.0,-0.1485
2025-04-22,16862.0,54.0,0.3213
2025-04-23,16880.0,18.0,0.1067
2025-04-24,16884.0,4.0,0.0237
2025-04-25,16829.0,-55.0,-0.3258
2025-04-28,16862.0,33.0,0.1961
2025-04-29,16787.0,-75.0,-0.4448
2025-04-30,16679.0,-108.0,-0.6434
2025-05-02,16493.0,-186.0,-1.1152
2025-05-05,16421.0,-72.0,-0.4365
2025-05-06,16472.0,51.0,0.3106
2025-05-07,16533.0,61.0,0.3703
2025-05-08,16497.0,-36.0,-0.2177
2025-05-09,16532.0,35.0,0.2122
2025-05-14,16568.0,36.0,0.2178
2025-05-15,16535.0,-33.0,-0.1992
2025-05-16,16424.0,-111.0,-0.6713
2025-05-19,16455.0,31.0,0.1887
2025-05-20,16406.0,-49.0,-0.2978
2025-05-21,16413.0,7.0,0.0427
2025-05-22,16313.0,-100.0,-0.6093
2025-05-23,16289.0,-24.0,-0.1471
2025-05-26,16207.0,-82.0,-0.5034
2025-05-27,16255.0,48.0,0.2962
2025-05-28,16300.0,45.0,0.2768
2025-06-02,16297.0,-3.0,-0.0184
2025-06-03,16288.0,-9.0,-0.0552
2025-06-04,16305.0,17.0,0.1044
2025-06-05,16277.0,-28.0,-0.1717
2025-06-10,16276.0,-1.0,-0.0061
2025-06-11,16265.0,-11.0,-0.0676
2025-06-12,16237.0,-28.0,-0.1721
2025-06-13,16293.0,56.0,0.3449
2025-06-16,16296.0,3.0,0.0184
2025-06-17,16281.0,-15.0,-0.092
2025-06-18,16319.0,38.0,0.2334
2025-06-19,16378.0,59.0,0.3615
2025-06-20,16399.0,21.0,0.1282
2025-06-23,16484.0,85.0,0.5183
2025-06-24,16370.0,-114.0,-0.6916
2025-06-25,16292.0,-78.0,-0.4765
2025-06-26,16233.0,-59.0,-0.3621
2025-06-30,16231.0,-2.0,-0.0123
2025-07-01,16192.0,-39.0,-0.2403
2025-07-02,16236.0,44.0,0.2717
2025-07-03,16209.0,-27.0,-0.1663
2025-07-04,16204.0,-5.0,-0.0308
2025-07-07,16237.0,33.0,0.2037
2025-07-08,16238.0,1.0,0.0062
2025-07-09,16254.0,16.0,0.0985
2025-07-10,16220.0,-34.0,-0.2092
2025-07-11,16221.0,1.0,0.0062
2025-07-14,16247.0,26.0,0.1603
2025-07-15,16281.0,34.0,0.2093
2025-07-16,16288.0,7.0,0.043
2025-07-17,16329.0,41.0,0.2517
2025-07-18,16301.0,-28.0,-0.1715
2025-07-21,16330.0,29.0,0.1779
2025-07-22,16307.0,-23.0,-0.1408
2025-07-23,16298.0,-9.0,-0.0552
2025-07-24,16283.0,-15.0,-0.092
2025-07-25,16325.0,42.0,0.2579
2025-07-28,16341.0,16.0,0.098
2025-07-29,16399.0,58.0,0.3549
2025-07-30,16387.0,-12.0,-0.0732
2025-07-31,16459.0,72.0,0.4394
2025-08-01,16494.0,35.0,0.2126
2025-08-04,16388.0,-106.0,-0.6427
2025-08-05,16388.0,0.0,0.0
2025-08-06,16379.0,-9.0,-0.0549
2025-08-07,16312.0,-67.0,-0.4091
2025-08-08,16299.0,-13.0,-0.0797
2025-08-11,16253.0,-46.0,-0.2822
2025-08-12,16298.0,45.0,0.2769
2025-08-13,16237.0,-61.0,-0.3743
2025-08-14,16109.0,-128.0,-0.7883
2025-08-15,16162.0,53.0,0.329
2025-08-19,16241.0,79.0,0.4888
2025-08-20,16291.0,50.0,0.3079
2025-08-21,16283.0,-8.0,-0.0491
2025-08-22,16340.0,57.0,0.3501
2025-08-25,16255.0,-85.0,-0.5202
2025-08-26,16277.0,22.0,0.1353
2025-08-27,16355.0,78.0,0.4792
2025-08-28,16356.0,1.0,0.0061
2025-08-29,16461.0,105.0,0.642
2025-09-01,16463.0,2.0,0.0121
2025-09-02,16418.0,-45.0,-0.2733
2025-09-03,16424.0,6.0,0.0365
2025-09-04,16438.0,14.0,0.0852
2025-09-08,16348.0,-90.0,-0.5475
2025-09-09,16462.0,114.0,0.6973
2025-09-10,16457.0,-5.0,-0.0304
2025-09-11,16468.0,11.0,0.0668
2025-09-12,16391.0,-77.0,-0.4676
2025-09-15,16405.0,14.0,0.0854
2025-09-16,16385.0,-20.0,-0.1219
2025-09-17,16430.0,45.0,0.2746
2025-09-18,16498.0,68.0,0.4139
2025-09-19,16578.0,80.0,0.4849
2025-09-22,16607.0,29.0,0.1749
2025-09-23,16636.0,29.0,0.1746
2025-09-24,16680.0,44.0,0.2645
2025-09-25,16752.0,72.0,0.4317
2025-09-26,16775.0,23.0,0.1373
2025-09-29,16680.0,-95.0,-0.5663
2025-09-30,16692.0,12.0,0.0719
2025-10-01,16680.0,-12.0,-0.0719
2025-10-02,16612.0,-68.0,-0.4077
2025-10-03,16611.0,-1.0,-0.006
2025-10-06,16598.0,-13.0,-0.0783
2025-10-07,16560.0,-38.0,-0.2289
2025-10-08,16606.0,46.0,0.2778
2025-10-09,16534.0,-72.0,-0.4336
2025-10-10,16585.0,51.0,0.3085
2025-10-13,16580.0,-5.0,-0.0301
2025-10-14,16577.0,-3.0,-0.0181
2025-10-15,16577.0,0.0,0.0
2025-10-16,16580.0,3.0,0.0181
2025-10-17,16590.0,10.0,0.0603
2025-10-20,16585.0,-5.0,-0.0301
2025-10-21,16589.0,4.0,0.0241
2025-10-22,16617.0,28.0,0.1688
2025-10-23,16645.0,28.0,0.1685
2025-10-24,16630.0,-15.0,-0.0901
2025-10-27,16628.0,-2.0,-0.012
2025-10-28,16622.0,-6.0,-0.0361
2025-10-29,16631.0,9.0,0.0541
2025-10-30,16640.0,9.0,0.0541
2025-10-31,16625.0,-15.0,-0.0901
2025-11-03,16664.0,39.0,0.2346
2025-11-04,16724.0,60.0,0.3601
2025-11-05,16729.0,5.0,0.0299
2025-11-06,16707.0,-22.0,-0.1315
2025-11-07,16704.0,-3.0,-0.018
2025-11-10,16666.0,-38.0,-0.2275
2025-11-11,16698.0,32.0,0.192
2025-11-12,16722.0,24.0,0.1437
2025-11-13,16732.0,10.0,0.0598
2025-11-14,16710.0,-22.0,-0.1315
2025-11-17,16734.0,24.0,0.1436
2025-11-18,16760.0,26.0,0.1554
2025-11-19,16732.0,-28.0,-0.1671
2025-11-20,16742.0,10.0,0.0598
2025-11-21,16719.0,-23.0,-0.1374
2025-11-24,16709.0,-10.0,-0.0598
2025-11-25,16667.0,-42.0,-0.2514
2025-11-26,16673.0,6.0,0.036
2025-11-27,16644.0,-29.0,-0.1739
2025-11-28,16661.0,17.0,0.1021
2025-12-01,16668.0,7.0,0.042
2025-12-02,16632.0,-36.0,-0.216
2025-12-03,16632.0,0.0,0.0
2025-12-04,16646.0,14.0,0.0842
2025-12-05,16655.0,9.0,0.0541
2025-12-08,16688.0,33.0,0.1981
2025-12-09,16677.0,-11.0,-0.0659
2025-12-10,16688.0,11.0,0.066
2025-12-11,16668.0,-20.0,-0.1198
2025-12-12,16652.0,-16.0,-0.096
2025-12-15,16669.0,17.0,0.1021
2025-12-16,16693.0,24.0,0.144
2025-12-17,16698.0,5.0,0.03
2025-12-18,16722.0,24.0,0.1437
2025-12-19,16735.0,13.0,0.0777
2025-12-22,16773.0,38.0,0.2271
2025-12-23,16790.0,17.0,0.1014
2025-12-24,16767.0,-23.0,-0.137
2025-12-29,16788.0,21.0,0.1252
2025-12-30,16782.0,-6.0,-0.0357
2025-12-31,16720.0,-62.0,-0.3694
2026-01-02,16725.0,5.0,0.0299
2026-01-05,16748.0,23.0,0.1375
2026-01-06,16762.0,14.0,0.0836
2026-01-07,16785.0,23.0,0.1372
2026-01-08,16801.0,16.0,0.0953
2026-01-09,16834.0,33.0,0.1964
2026-01-12,16853.0,19.0,0.1129
2026-01-13,16875.0,22.0,0.1305
2026-01-14,16871.0,-4.0,-0.0237
2026-01-15,16880.0,9.0,0.0533
2026-01-19,16935.0,55.0,0.3258
2026-01-20,16981.0,46.0,0.2716
2026-01-21,16963.0,-18.0,-0.106
2026-01-22,16902.0,-61.0,-0.3596
2026-01-23,16838.0,-64.0,-0.3787
2026-01-26,16779.0,-59.0,-0.3504
2026-01-27,16801.0,22.0,0.1311
2026-01-28,16723.0,-78.0,-0.4643
2026-01-29,16786.0,63.0,0.3767
2026-01-30,16796.0,10.0,0.0596
2026-02-02,16800.0,4.0,0.0238
2026-02-03,16777.0,-23.0,-0.1369
2026-02-04,16775.0,-2.0,-0.0119
2026-02-05,16826.0,51.0,0.304
2026-02-06,16887.0,61.0,0.3625
2026-02-09,16838.0,-49.0,-0.2902
2026-02-10,16799.0,-39.0,-0.2316
2026-02-11,16781.0,-18.0,-0.1071
2026-02-12,16826.0,45.0,0.2682
2026-02-13,16844.0,18.0,0.107
2026-02-18,16884.0,40.0,0.2375
2026-02-19,16925.0,41.0,0.2428
2026-02-20,16885.0,-40.0,-0.2363
2026-02-23,16818.0,-67.0,-0.3968
2026-02-24,16830.0,12.0,0.0714
2026-02-25,16813.0,-17.0,-0.101
2026-02-26,16758.0,-55.0,-0.3271
2026-02-27,16779.0,21.0,0.1253
2026-03-02,16848.0,69.0,0.4112
2026-03-03,16870.0,22.0,0.1306
2026-03-04,16911.0,41.0,0.243
2026-03-05,16886.0,-25.0,-0.1478
2026-03-06,16919.0,33.0,0.1954
2026-03-09,16974.0,55.0,0.3251
2026-03-10,16879.0,-95.0,-0.5597
2026-03-11,16867.0,-12.0,-0.0711
2026-03-12,16899.0,32.0,0.1897
2026-03-13,16934.0,35.0,0.2071
2026-03-16,16990.0,56.0,0.3307
2026-03-17,16982.0,-8.0,-0.0471
2026-03-25,16905.0,-77.0,-0.4534
2026-03-26,16903.0,-2.0,-0.0118
2026-03-27,16957.0,54.0,0.3195
2026-03-30,16993.0,36.0,0.2123
2026-03-31,16999.0,6.0,0.0353
2026-04-01,17002.0,3.0,0.0176
2026-04-02,17015.0,13.0,0.0765
2026-04-06,17037.0,22.0,0.1293
2026-04-07,17092.0,55.0,0.3228
2026-04-08,17009.0,-83.0,-0.4856
2026-04-09,17082.0,73.0,0.4292
2026-04-10,17112.0,30.0,0.1756
2026-04-13,17122.0,10.0,0.0584
2026-04-14,17135.0,13.0,0.0759
2026-04-15,17141.0,6.0,0.035
2026-04-16,17142.0,1.0,0.0058
2026-04-17,17189.0,47.0,0.2742
2026-04-20,17176.0,-13.0,-0.0756
2026-04-21,17142.0,-34.0,-0.198
2026-04-22,17179.0,37.0,0.2158
2026-04-23,17308.0,129.0,0.7509
2026-04-24,17278.0,-30.0,-0.1733
2026-04-27,17227.0,-51.0,-0.2952
2026-04-28,17245.0,18.0,0.1045
2026-04-29,17324.0,79.0,0.4581
2026-04-30,17378.0,54.0,0.3117
2026-05-04,17368.0,-10.0,-0.0575
2026-05-05,17425.0,57.0,0.3282
2026-05-06,17405.0,-20.0,-0.1148
2026-05-07,17362.0,-43.0,-0.2471
2026-05-08,17375.0,13.0,0.0749
2026-05-11,17415.0,40.0,0.2302
2026-05-12,17514.0,99.0,0.5685
2026-05-13,17496.0,-18.0,-0.1028
2026-05-18,17666.0,170.0,0.9717
2026-05-19,17719.0,53.0,0.3
2026-05-20,17685.0,-34.0,-0.1919
2026-05-21,17673.0,-12.0,-0.0679
2026-05-22,17717.0,44.0,0.249
2026-05-25,17743.0,26.0,0.1468
2026-05-26,17789.0,46.0,0.2593
2026-05-29,17883.0,94.0,0.5284
2026-06-02,17863.0,-20.0,-0.1118
2026-06-03,17931.0,68.0,0.3807
2026-06-04,18039.0,108.0,0.6023
2026-06-05,18039.0,0.0,0.0
2026-06-08,18171.0,132.0,0.7317
2026-06-09,18141.0,-30.0,-0.1651
2026-06-10,17971.0,-170.0,-0.9371
2026-06-11,17981.0,10.0,0.0556
2026-06-12,17921.0,-60.0,-0.3337
2026-06-15,17719.0,-202.0,-1.1272
2026-06-17,17753.0,34.0,0.1919
2026-06-18,17826.0,73.0,0.4112
2026-06-19,17826.0,0.0,0.0
2026-06-22,17819.0,-7.0,-0.0393
2026-06-23,17868.0,49.0,0.275
2026-06-24,17955.0,87.0,0.4869
2026-06-25,17942.0,-13.0,-0.0724
2026-06-26,17962.0,20.0,0.1115
2026-06-29,17856.0,-106.0,-0.5901
2026-06-30,17899.0,43.0,0.2408
2026-07-01,17961.0,62.0,0.3464
2026-07-02,17994.0,33.0,0.1837
2026-07-03,17960.0,-34.0,-0.189
2026-07-06,17999.0,39.0,0.2171
2026-07-07,17988.0,-11.0,-0.0611
2026-07-08,18005.0,17.0,0.0945
2026-07-09,18090.0,85.0,0.4721
2026-07-10,18069.0,-21.0,-0.1161
2026-07-13,18131.0,62.0,0.3431
2026-07-14,18099.0,-32.0,-0.1765
2026-07-15,18064.0,-35.0,-0.1934
2026-07-16,18041.0,-23.0,-0.1273
2026-07-17,17944.0,-97.0,-0.5377
2026-07-20,17976.0,32.0,0.1783
2026-07-21,17909.0,-67.0,-0.3727
2026-07-22,17909.0,0.0,0.0
2026-07-23,17915.0,6.0,0.0335
2026-07-24,17973.0,58.0,0.3238
2026-07-27,17995.0,22.0,0.1224
2026-07-28,18088.0,93.0,0.5168
2026-07-29,18087.0,-1.0,-0.0055
2026-07-30,18078.0,-9.0,-0.0498
2026-07-31,18058.0,-20.0,-0.1106
2026-08-03,17991.0,-67.0,-0.371
2026-08-04,18037.0,46.0,0.2557
2026-08-05,17937.0,-100.0,-0.5544
2026-08-06,17919.0,-18.0,-0.1004
2026-08-07,17913.0,-6.0,-0.0335
2026-08-10,17795.0,-118.0,-0.6587
2026-08-11,17824.0,29.0,0.163
2026-08-12,17876.0,52.0,0.2917
2026-08-13,17882.0,6.0,0.0336
2026-08-14,17836.0,-46.0,-0.2572
2026-08-18,17856.0,20.0,0.1121
2026-08-19,17844.0,-12.0,-0.0672
2026-08-20,17779.0,-65.0,-0.3643
2026-08-21,17705.0,-74.0,-0.4162
2026-08-24,17703.0,-2.0,-0.0113
2026-08-26,17717.0,14.0,0.0791
2026-08-27,17762.0,45.0,0.254
2026-08-28,17703.0,-59.0,-0.3322
2026-08-31,17746.0,43.0,0.2429
2026-09-01,17727.0,-19.0,-0.1071
