model,family,split,n,DA,F1_macro,share_pred1,note
majority,baseline,val,240,0.5125,0.33884297520661155,1.0,
majority,baseline,test,241,0.5726141078838174,0.3641160949868074,1.0,
persistence,baseline,val,240,0.5416666666666666,0.5413800291849072,0.5125,
persistence,baseline,test,241,0.5311203319502075,0.520419124768865,0.5767634854771784,
arima,baseline,val,240,0.5416666666666666,0.5370370370370371,0.5875,
arima,baseline,test,241,0.5435684647302904,0.5184902644580064,0.6556016597510373,
xgb:kurs,baseline,val,240,0.525,0.45868945868945865,0.8375,"{""max_depth"": 2, ""n_estimators"": 100}"
xgb:kurs,baseline,test,241,0.5186721991701245,0.45737577639751553,0.7634854771784232,"{""max_depth"": 2, ""n_estimators"": 100}"
xgb:kurs+lexicon,gabungan,val,240,0.575,0.5379039565086077,0.7708333333333334,"{""max_depth"": 2, ""n_estimators"": 100}"
xgb:kurs+lexicon,gabungan,test,241,0.5394190871369294,0.49147419446820645,0.7344398340248963,"{""max_depth"": 2, ""n_estimators"": 100}"
xgb:kurs+tfidf,gabungan,val,240,0.5291666666666667,0.49888209316506216,0.7333333333333333,"{""max_depth"": 2, ""n_estimators"": 300}"
xgb:kurs+tfidf,gabungan,test,241,0.5020746887966805,0.4787310742609949,0.6390041493775933,"{""max_depth"": 2, ""n_estimators"": 300}"
xgb:kurs+lexicon+tfidf,gabungan,val,240,0.5708333333333333,0.5591932809072915,0.65,"{""max_depth"": 2, ""n_estimators"": 300}"
xgb:kurs+lexicon+tfidf,gabungan,test,241,0.4854771784232365,0.47164073550212166,0.5892116182572614,"{""max_depth"": 2, ""n_estimators"": 300}"
